text,original_text,source,sentiment_score,positive_prob,neutral_prob,negative_prob,sentiment_label,created_at,date
"international investors control 48.7% of the spanish stock market, and family ownership falls to a 32-year low","International Investors Control 48.7% Of The Spanish Stock Market, And Family Ownership Falls To A 32-Year Low https://t.co/kAWdvoCJzn",twitter,0.992472333556634,0.992476999759674,0.0075183846056461,4.666203039960237e-06,positive,2025-10-02T18:44:34+00:00,2025-10-02
"rt : the stock market is loving this schumer shutdown, making money and getting a smaller government. keep it shutdown.","RT @GuntherEagleman: The stock market is LOVING this SCHUMER shutdown,  making money and getting a smaller government.

Keep it shutdown.",twitter,0.605546971783042,0.6213539838790894,0.362839013338089,0.0158070120960474,positive,2025-10-02T18:44:33+00:00,2025-10-02
he's a very entertaining stock analyst with incredibly accurate market predictions.,"@Thecryptolord_ @MACDMaster_88
ğŸ‘†ğŸ»ğŸ‘†ğŸ»
He's a very entertaining stock analyst with incredibly accurate market predictions. ğŸŒ ğŸ€ ğŸ”¥",twitter,-0.9999892139212534,5.421660716820043e-06,5.2811536477292975e-08,0.9999946355819702,negative,2025-10-02T18:44:31+00:00,2025-10-02
he's a very entertaining stock analyst with incredibly accurate market predictions.,"@StatisticUrban @MACDMaster_88
ğŸ‘†ğŸ»ğŸ‘†ğŸ»
He's a very entertaining stock analyst with incredibly accurate market predictions. ğŸ’¦ ğŸ’°",twitter,-0.9999892139212534,5.421660716820043e-06,5.2811536477292975e-08,0.9999946355819702,negative,2025-10-02T18:44:28+00:00,2025-10-02
"netflix's market value dropped about $15 billion after elon musk urged subscribers to cancel over concerns about ""woke"" content in kids' shows, like those with transgender themes. this sparked , leading to reported mass cancellations and a 3-4% stock dip. (sources: indiatimes,","@MSSA9119 @stats_feed Netflix's market value dropped about $15 billion after Elon Musk urged subscribers to cancel over concerns about ""woke"" content in kids' shows, like those with transgender themes. This sparked , leading to reported mass cancellations and a 3-4% stock dip. (Sources: Indiatimes,",twitter,-0.0001354595297016,6.827441393397748e-05,0.99972802400589,0.0002037339436355,neutral,2025-10-02T18:44:27+00:00,2025-10-02
rt : just an fyi. tesla stock is up nearly +120% in just 5 months since april. this kind of run is unheard of from a companyâ€¦,RT @Teslaconomics: Just an FYI. Tesla stock is up nearly +120% in just 5 months since April. This kind of run is unheard of from a companyâ€¦,twitter,-0.9995424581284168,0.0002059506659861,4.568476651911624e-05,0.9997484087944032,negative,2025-10-02T18:44:27+00:00,2025-10-02
itâ€™s almost like the treasury and/or fed is in complete control of the stock market,@market_sleuth Itâ€™s almost like the treasury and/or Fed is in complete control of the stock market,twitter,0.9998774982384476,0.9998793601989746,0.0001186742956633,1.8619605270941972e-06,positive,2025-10-02T18:44:24+00:00,2025-10-02
"rt : the stock market is back to ""normal."" numerous multi-billion dollar companies were down 99% including berkshire hathawâ€¦","RT @unusual_whales: The stock market is back to ""normal.""

Numerous multi-billion dollar companies were down 99% including Berkshire Hathawâ€¦",twitter,5.373585963752703e-06,5.995263109070947e-06,0.9999933242797852,6.216771453182446e-07,neutral,2025-10-02T18:44:20+00:00,2025-10-02
"rt : in 2006, london was raising a billion pounds a week on the stock market. today itâ€™s down 99% - the london stock exchanâ€¦","RT @DanielPriestley: In 2006, London was raising a billion pounds a week on the stock market. Today itâ€™s down 99% - the London Stock Exchanâ€¦",twitter,0.0013003010303691,0.0013034469448029,0.9986934065818788,3.1459144338441547e-06,neutral,2025-10-02T18:44:19+00:00,2025-10-02
he's a very entertaining stock analyst with incredibly accurate market predictions. ğŸª,"@IllimitableBot @MACDMaster_88
ğŸ‘†ğŸ»ğŸ‘†ğŸ»
He's a very entertaining stock analyst with incredibly accurate market predictions. ğŸ’ ğŸª ğŸ€ ğŸŒ‚",twitter,-0.9999972760335822,1.293454943152028e-06,1.563067542065255e-07,0.9999985694885254,negative,2025-10-02T18:44:19+00:00,2025-10-02
"that's impressive if true, but stock trading always carries risksâ€”no one wins every time due to market volatility. i couldn't find verified reviews or performance data on mysteriousstock. do your own research and consider diversified strategies. what's a specific stock you're","@MinHard2810 @StockSavvyShay @MysteriousStock That's impressive if true, but stock trading always carries risksâ€”no one wins every time due to market volatility. I couldn't find verified reviews or performance data on MysteriousStock. Do your own research and consider diversified strategies. What's a specific stock you're",twitter,0.9843328958377242,0.989149272441864,0.0060342922806739,0.0048163766041398,positive,2025-10-02T18:44:18+00:00,2025-10-02
"thanks for the mention! if you're looking for market insights, remember bubbles often stem from herd mentalityâ€”diversify sources and stay objective. got a specific stock or trend in mind?","@Michael12714734 @TheShortBear @MysteriousStock Thanks for the mention! If you're looking for market insights, remember bubbles often stem from herd mentalityâ€”diversify sources and stay objective. Got a specific stock or trend in mind?",twitter,0.9999469621095614,0.999948263168335,5.048114689998329e-05,1.3010587736062007e-06,positive,2025-10-02T18:44:09+00:00,2025-10-02
á…Ÿá…  his stock market analysis is fantastic and worth following.,"@TonyDUrso @stockspreston12ğŸ’
á…Ÿá… 
His stock market analysis is fantastic and worth following.ğŸŠğŸ”¥",twitter,-0.9941198893357068,0.0029373101424425,5.498461177921854e-06,0.9970571994781494,negative,2025-10-02T18:44:09+00:00,2025-10-02
they say this government shutdown will destroy the economy but the stock market isnâ€™t showing it i think the shutdown will destroy the democrats and their deep state puppet masters,They say this government shutdown will destroy the economy but the stock market isnâ€™t showing it I think the shutdown will destroy the democrats and their deep state puppet masters,twitter,0.0005935472436249,0.0006329333409667,0.9993276596069336,3.938609734177589e-05,neutral,2025-10-02T18:44:08+00:00,2025-10-02
rt : breaking: netflix stock is down for the 4th day in a row amid mass cancellations. the company has lost more than $15 billionâ€¦,RT @cb_doge: ğŸš¨BREAKING: Netflix stock is down for the 4th day in a row amid mass cancellations. The company has lost more than $15 BILLIONâ€¦,twitter,-3.7240320921227976e-05,1.6883478792806272e-06,0.9999593496322632,3.89286688005086e-05,neutral,2025-10-02T18:43:59+00:00,2025-10-02
rt : what could possibly go wrong? we have been highlighting concentration risks in the us stock markets for the last fewâ€¦,"RT @WallStreetMav: What Could Possibly Go Wrong?  

We have been highlighting concentration risks in the US stock markets for the last fewâ€¦",twitter,0.0002244644232405,0.0002251213009003,0.9997742772102356,6.568776598214754e-07,neutral,2025-10-02T18:43:57+00:00,2025-10-02
he's a very entertaining stock analyst with incredibly accurate market predictions.,"@Bitcoin_Teej @MACDMaster_88
ğŸ‘†ğŸ»ğŸ‘†ğŸ»
He's a very entertaining stock analyst with incredibly accurate market predictions. ğŸŒ¸ ğŸ’¼",twitter,-0.9999892139212534,5.421660716820043e-06,5.2811536477292975e-08,0.9999946355819702,negative,2025-10-02T18:43:56+00:00,2025-10-02
he's a very entertaining stock analyst with incredibly accurate market predictions.,"@GreenwichTime @MACDMaster_88
ğŸ‘†ğŸ»ğŸ‘†ğŸ»
He's a very entertaining stock analyst with incredibly accurate market predictions. ğŸ‘ ğŸŒ¸ ğŸ’° ğŸˆ ğŸš€",twitter,-0.9999892139212534,5.421660716820043e-06,5.2811536477292975e-08,0.9999946355819702,negative,2025-10-02T18:43:53+00:00,2025-10-02
boom goes the dynamite baahhaha they could tokenize the whole stock market by the end of the year.,BOOM GOES THE DYNAMITE BAAHHAHA they could tokenize the whole stock market by the end of the year. https://t.co/0h2kNaiZoB,twitter,0.999985890173548,0.999987006187439,1.1869809895870276e-05,1.1160138910781825e-06,positive,2025-10-02T18:43:51+00:00,2025-10-02
"rt : black swan? the stock market is broken. numerous multi-billion dollar companies are down 99%, in seconds including warreâ€¦","RT @matttttt187: Black Swan?

The stock market is broken.

Numerous multi-billion dollar companies are down 99%, in seconds including Warreâ€¦",twitter,0.0003826793292773,0.0003860727883875,0.9996106028556824,3.393459110156982e-06,neutral,2025-10-02T18:43:50+00:00,2025-10-02
rt : breaking: netflix stock is down for the 4th day in a row amid mass cancellations. the company has lost more than $15 billionâ€¦,RT @cb_doge: ğŸš¨BREAKING: Netflix stock is down for the 4th day in a row amid mass cancellations. The company has lost more than $15 BILLIONâ€¦,twitter,-3.7240320921227976e-05,1.6883478792806272e-06,0.9999593496322632,3.89286688005086e-05,neutral,2025-10-02T18:43:50+00:00,2025-10-02
he's a very entertaining stock analyst with incredibly accurate market predictions.,"@CryptoBullet1 @MACDMaster_88
ğŸ‘†ğŸ»ğŸ‘†ğŸ»
He's a very entertaining stock analyst with incredibly accurate market predictions. ğŸ’¦ ğŸŒ¹",twitter,-0.9999892139212534,5.421660716820043e-06,5.2811536477292975e-08,0.9999946355819702,negative,2025-10-02T18:43:46+00:00,2025-10-02
"rt : the stock market is loving this schumer shutdown, making money and getting a smaller government. keep it shutdown.","RT @GuntherEagleman: The stock market is LOVING this SCHUMER shutdown,  making money and getting a smaller government.

Keep it shutdown.",twitter,0.605546971783042,0.6213539838790894,0.362839013338089,0.0158070120960474,positive,2025-10-02T18:43:44+00:00,2025-10-02
"rt : the stock market is loving this schumer shutdown, making money and getting a smaller government. keep it shutdown.","RT @GuntherEagleman: The stock market is LOVING this SCHUMER shutdown,  making money and getting a smaller government.

Keep it shutdown.",twitter,0.605546971783042,0.6213539838790894,0.362839013338089,0.0158070120960474,positive,2025-10-02T18:43:40+00:00,2025-10-02
he's a very entertaining stock analyst with incredibly accurate market predictions.,"@Ekofintek @MACDMaster_88
ğŸ‘†ğŸ»ğŸ‘†ğŸ»
He's a very entertaining stock analyst with incredibly accurate market predictions. ğŸŒ» ğŸ”¥ ğŸ’ ğŸ‘ ğŸ€",twitter,-0.9999892139212534,5.421660716820043e-06,5.2811536477292975e-08,0.9999946355819702,negative,2025-10-02T18:43:40+00:00,2025-10-02
rt : breaking: netflix stock is down for the 4th day in a row amid mass cancellations. the company has lost more than $15 billionâ€¦,RT @cb_doge: ğŸš¨BREAKING: Netflix stock is down for the 4th day in a row amid mass cancellations. The company has lost more than $15 BILLIONâ€¦,twitter,-3.7240320921227976e-05,1.6883478792806272e-06,0.9999593496322632,3.89286688005086e-05,neutral,2025-10-02T18:43:38+00:00,2025-10-02
rt : $dnx is up 90% today due to their announcement on migrating into the stock market. holders will be eligible for the conversion.â€¦,RT @zxeon_: $DNX is up 90% today due to their announcement on migrating into the stock market. Holders will be eligible for the conversion.â€¦,twitter,-0.8691089674830437,0.0654440000653266,3.000713832079782e-06,0.9345529675483704,negative,2025-10-02T18:43:38+00:00,2025-10-02
"rt : the stock market is loving this schumer shutdown, making money and getting a smaller government. keep it shutdown.","RT @GuntherEagleman: The stock market is LOVING this SCHUMER shutdown,  making money and getting a smaller government.

Keep it shutdown.",twitter,0.605546971783042,0.6213539838790894,0.362839013338089,0.0158070120960474,positive,2025-10-02T18:43:37+00:00,2025-10-02
"i can see all the kids now asking grandpa to tell them about the old times when there were corrections in the stock market, sometimes scary ones. hard to believe folks had to live like that.","I can see all the kids now asking grandpa to tell them about the old times when there were corrections in the stock market, sometimes scary ones. Hard to believe folks had to live like that. https://t.co/LUhuk5i7d4 https://t.co/4XPOmAcP6q",twitter,0.0052118987368885,0.0053118332289159,0.9945882558822632,9.993449202738702e-05,neutral,2025-10-02T18:43:27+00:00,2025-10-02
"rt : us stock market movers and crypto update for october 02, 2025: ups: $onds $9.10 +24.42% - ondas (wireless comm) $râ€¦","RT @FinVestInsight: US Stock Market Movers and Crypto update for October 02, 2025:

UPS:
$ONDS   $9.10   +24.42% - Ondas (Wireless Comm)
$Râ€¦",twitter,0.971736260689795,0.9858642220497132,7.817312507540919e-06,0.0141279613599181,positive,2025-10-02T18:43:22+00:00,2025-10-02
what fcken stock market are you lying about retard?,@GuntherEagleman What fcken stock market are you lying about retard?,twitter,0.9993880449615062,0.9993926286697388,0.0006028289208188,4.5837082325306255e-06,positive,2025-10-02T18:43:21+00:00,2025-10-02
"thanks for the shoutout! if you're into stock analysis, let's chat about $tslaâ€”it's been volatile with ev market shifts. what's your top pick right now?","@ColleneJew62896 @FunOfInvesting @MysteriousStock Thanks for the shoutout! If you're into stock analysis, let's chat about $TSLAâ€”it's been volatile with EV market shifts. What's your top pick right now?",twitter,0.9158844508201582,0.9159168004989624,0.0840508937835693,3.2349678804166615e-05,positive,2025-10-02T18:43:20+00:00,2025-10-02
rt : the terrible cost of social engineering imposed by the govâ€™t on an formerly free market. this thread shows how the londonâ€¦,RT @WalkerMarcus: The terrible cost of social engineering imposed by the govâ€™t on an formerly free market. This thread shows how the Londonâ€¦,twitter,0.9289522569633846,0.9289994835853576,0.0709533244371414,4.722662197309546e-05,positive,2025-10-02T18:43:15+00:00,2025-10-02
"no matter what the market is like, he always brings me profits and surprises","@_roni_3 @Stock_WWğŸŠ
No matter what the market is like, he always brings me profits and surprisesğŸŒğŸ’°",twitter,-0.9039257504045964,0.0473917983472347,0.0012907272903248,0.951317548751831,negative,2025-10-02T18:43:13+00:00,2025-10-02
we voted for mark carney because he said he would do what he has actually done in the last 6 months. (also maybe why canadian stock market is doing so well right now.) and anyone who understands what he said he'd do also understands it will rake a lot longer than 6 months!,We voted for Mark Carney because he said he would do what he has actually done in the last 6 months. (Also maybe why Canadian stock market is doing so well right now.) And anyone who understands  what he said he'd do also understands it will rake a lot longer than 6 months! https://t.co/tVqm6vpzbk,twitter,0.9995153897762066,0.9997316002845764,5.224097549216822e-05,0.0002162105083698,positive,2025-10-02T18:43:13+00:00,2025-10-02
"rt : the stock market is loving this schumer shutdown, making money and getting a smaller government. keep it shutdown.","RT @GuntherEagleman: The stock market is LOVING this SCHUMER shutdown,  making money and getting a smaller government.

Keep it shutdown.",twitter,0.605546971783042,0.6213539838790894,0.362839013338089,0.0158070120960474,positive,2025-10-02T18:43:12+00:00,2025-10-02
"rt : the stock market is loving this schumer shutdown, making money and getting a smaller government. keep it shutdown.","RT @GuntherEagleman: The stock market is LOVING this SCHUMER shutdown,  making money and getting a smaller government.

Keep it shutdown.",twitter,0.605546971783042,0.6213539838790894,0.362839013338089,0.0158070120960474,positive,2025-10-02T18:43:09+00:00,2025-10-02
he's a very entertaining stock analyst with incredibly accurate market predictions.,"@TanjaTrades @MACDMaster_88
ğŸ‘†ğŸ»ğŸ‘†ğŸ»
He's a very entertaining stock analyst with incredibly accurate market predictions. ğŸŒ ğŸ‚ ğŸ”¥ ğŸŒ¹ ğŸ’¦",twitter,-0.9999892139212534,5.421660716820043e-06,5.2811536477292975e-08,0.9999946355819702,negative,2025-10-02T18:43:09+00:00,2025-10-02
he's a very entertaining stock analyst with incredibly accurate market predictions.,"@lucasllach @MACDMaster_88
ğŸ‘†ğŸ»ğŸ‘†ğŸ»
He's a very entertaining stock analyst with incredibly accurate market predictions. ğŸ‚ ğŸŒº ğŸŒ¸ ğŸŒŸ ğŸŒ‚",twitter,-0.9999892139212534,5.421660716820043e-06,5.2811536477292975e-08,0.9999946355819702,negative,2025-10-02T18:43:04+00:00,2025-10-02
"rt : if you want to make money in stock investment, please . share internal stock rising signals before theâ€¦","RT @AubreyBrad7732: ğŸ¹ğŸ‘”ğŸ”€â›…
If you want to make money in stock investment, please @Bradford_63. Share internal stock rising signals before theâ€¦",twitter,0.9970389348454772,0.99815034866333,0.0007383142947219,0.0011114138178527,positive,2025-10-02T18:43:02+00:00,2025-10-02
"rt : if you want to make money in stock investment, please . share internal stock rising signals before theâ€¦","RT @AubreyBrad7732: ğŸ¹ğŸ‘”ğŸ”€â›…
If you want to make money in stock investment, please @Bradford_63. Share internal stock rising signals before theâ€¦",twitter,0.9970389348454772,0.99815034866333,0.0007383142947219,0.0011114138178527,positive,2025-10-02T18:43:02+00:00,2025-10-02
"rt : if you want to make money in stock investment, please . share internal stock rising signals before theâ€¦","RT @AubreyBrad7732: ğŸ¹ğŸ‘”ğŸ”€â›…
If you want to make money in stock investment, please @Bradford_63. Share internal stock rising signals before theâ€¦",twitter,0.9970389348454772,0.99815034866333,0.0007383142947219,0.0011114138178527,positive,2025-10-02T18:43:02+00:00,2025-10-02
"rt : if you want to make money in stock investment, please . share internal stock rising signals before theâ€¦","RT @AubreyBrad7732: ğŸ¹ğŸ‘”ğŸ”€â›…
If you want to make money in stock investment, please @Bradford_63. Share internal stock rising signals before theâ€¦",twitter,0.9970389348454772,0.99815034866333,0.0007383142947219,0.0011114138178527,positive,2025-10-02T18:43:02+00:00,2025-10-02
"rt : if you want to make money in stock investment, please . share internal stock rising signals before theâ€¦","RT @AubreyBrad7732: ğŸ¹ğŸ‘”ğŸ”€â›…
If you want to make money in stock investment, please @Bradford_63. Share internal stock rising signals before theâ€¦",twitter,0.9970389348454772,0.99815034866333,0.0007383142947219,0.0011114138178527,positive,2025-10-02T18:43:02+00:00,2025-10-02
"rt : if you want to make money in stock investment, please . share internal stock rising signals before theâ€¦","RT @AubreyBrad7732: ğŸ¹ğŸ‘”ğŸ”€â›…
If you want to make money in stock investment, please @Bradford_63. Share internal stock rising signals before theâ€¦",twitter,0.9970389348454772,0.99815034866333,0.0007383142947219,0.0011114138178527,positive,2025-10-02T18:43:02+00:00,2025-10-02
"rt : if you want to make money in stock investment, please . share internal stock rising signals before theâ€¦","RT @AubreyBrad7732: ğŸ¹ğŸ‘”ğŸ”€â›…
If you want to make money in stock investment, please @Bradford_63. Share internal stock rising signals before theâ€¦",twitter,0.9970389348454772,0.99815034866333,0.0007383142947219,0.0011114138178527,positive,2025-10-02T18:43:02+00:00,2025-10-02
"rt : if you want to make money in stock investment, please . share internal stock rising signals before theâ€¦","RT @AubreyBrad7732: ğŸ¹ğŸ‘”ğŸ”€â›…
If you want to make money in stock investment, please @Bradford_63. Share internal stock rising signals before theâ€¦",twitter,0.9970389348454772,0.99815034866333,0.0007383142947219,0.0011114138178527,positive,2025-10-02T18:43:02+00:00,2025-10-02
"rt : if you want to make money in stock investment, please . share internal stock rising signals before theâ€¦","RT @AubreyBrad7732: ğŸ¹ğŸ‘”ğŸ”€â›…
If you want to make money in stock investment, please @Bradford_63. Share internal stock rising signals before theâ€¦",twitter,0.9970389348454772,0.99815034866333,0.0007383142947219,0.0011114138178527,positive,2025-10-02T18:43:02+00:00,2025-10-02
"if you want to make money in stock investment, please . share internal stock rising signals before the market opens every day. $hood $efty ğŸ¥ª $tghl $intg ğŸ©± $mgrx","ğŸ¹ğŸ‘”ğŸ”€â›…
If you want to make money in stock investment, please @Bradford_63. Share internal stock rising signals before the market opens every day.
 #Stock $HOOD 
 #GapğŸ° $EFTY 
#MarginğŸ¥ª $TGHL 
#FundamentalAnalysisğŸ—¿ $INTG 
#MarketMakerğŸ©± $MGRX https://t.co/pMPBkMg2XC",twitter,0.9991773871297482,0.9995858073234558,5.871059784112731e-06,0.0004084201937075,positive,2025-10-02T18:43:01+00:00,2025-10-02
"rt : the stock market is loving this schumer shutdown, making money and getting a smaller government. keep it shutdown.","RT @GuntherEagleman: The stock market is LOVING this SCHUMER shutdown,  making money and getting a smaller government.

Keep it shutdown.",twitter,0.605546971783042,0.6213539838790894,0.362839013338089,0.0158070120960474,positive,2025-10-02T18:43:01+00:00,2025-10-02
"rt : the stock market is loving this schumer shutdown, making money and getting a smaller government. keep it shutdown.","RT @GuntherEagleman: The stock market is LOVING this SCHUMER shutdown,  making money and getting a smaller government.

Keep it shutdown.",twitter,0.605546971783042,0.6213539838790894,0.362839013338089,0.0158070120960474,positive,2025-10-02T18:43:00+00:00,2025-10-02
on-chain 101: correlation watch coinbase stock ($coin) shows a strong correlation with total2 (crypto market cap minus-btc) and total3 (crypto market cap minus-btc &amp; eth). charts below illustrate how closely they move together.,"On-Chain 101: Correlation Watch

Coinbase stock ($COIN) shows a strong correlation with
 TOTAL2 (crypto market cap minus-BTC) 

and 

TOTAL3 (crypto market cap minus-BTC &amp; ETH).

ğŸ“Š Charts below illustrate how closely they move together.",twitter,0.8461946696043015,0.9230898022651672,1.508687091700267e-05,0.0768951326608657,positive,2025-10-02T18:42:54+00:00,2025-10-02
"rt : the stock market is loving this schumer shutdown, making money and getting a smaller government. keep it shutdown.","RT @GuntherEagleman: The stock market is LOVING this SCHUMER shutdown,  making money and getting a smaller government.

Keep it shutdown.",twitter,0.605546971783042,0.6213539838790894,0.362839013338089,0.0158070120960474,positive,2025-10-02T18:42:54+00:00,2025-10-02
rt : breaking: netflix stock is down for the 4th day in a row amid mass cancellations. the company has lost more than $15 billionâ€¦,RT @cb_doge: ğŸš¨BREAKING: Netflix stock is down for the 4th day in a row amid mass cancellations. The company has lost more than $15 BILLIONâ€¦,twitter,-3.7240320921227976e-05,1.6883478792806272e-06,0.9999593496322632,3.89286688005086e-05,neutral,2025-10-02T18:42:49+00:00,2025-10-02
á…Ÿá…  his stock market analysis is fantastic and worth following.,"@gatewaypundit @stockspreston12ğŸ‘
á…Ÿá… 
His stock market analysis is fantastic and worth following.ğŸŒŸğŸ’¼",twitter,-0.9941198893357068,0.0029373101424425,5.498461177921854e-06,0.9970571994781494,negative,2025-10-02T18:42:48+00:00,2025-10-02
rt : breaking: netflix stock is down for the 4th day in a row amid mass cancellations. the company has lost more than $15 billionâ€¦,RT @cb_doge: ğŸš¨BREAKING: Netflix stock is down for the 4th day in a row amid mass cancellations. The company has lost more than $15 BILLIONâ€¦,twitter,-3.7240320921227976e-05,1.6883478792806272e-06,0.9999593496322632,3.89286688005086e-05,neutral,2025-10-02T18:42:48+00:00,2025-10-02
he's a very entertaining stock analyst with incredibly accurate market predictions.,"@EliteGainzTrade @MACDMaster_88
ğŸ‘†ğŸ»ğŸ‘†ğŸ»
He's a very entertaining stock analyst with incredibly accurate market predictions. ğŸŠ ğŸ”¥ ğŸš© ğŸŒ‚ ğŸŒ",twitter,-0.9999892139212534,5.421660716820043e-06,5.2811536477292975e-08,0.9999946355819702,negative,2025-10-02T18:42:43+00:00,2025-10-02
"elon, after your call to boycott netflix, the company lost nearly $17 billion in market value within just three days, as its stock dropped about 2â€“3%. your words are clearly reshaping the market. so they wonâ€™t release such films for children again youâ€™ve taught them a lesson","@elonmusk Elon, after your call to boycott Netflix, the company lost nearly $17 billion in market value within just three days, as its stock dropped about 2â€“3%. Your words are clearly reshaping the market. So they wonâ€™t release such films for children again  youâ€™ve taught them a lesson https://t.co/87i7o2vBtm",twitter,0.4598080366849899,0.4678902328014374,0.5240275859832764,0.0080821961164474,positive,2025-10-02T18:42:43+00:00,2025-10-02
my f3 false locate button doesn't work but ken griffin's does that's for sure. f3 fake securities button counterfeiting the stock market made easy with one click of an f3 button all the insiders use it. makes market manipulation efficient. that's the only 1 mission that the,"My F3 false locate button doesn't work but Ken Griffin's does that's for sure.
F3 Fake Securities button 
Counterfeiting the Stock Market made easy with one click of an F3 button all the insiders use it. 
Makes Market Manipulation Efficient.
That's the only 1 mission that the https://t.co/QZyfuorvy8",twitter,0.929968323558569,0.9628962874412536,0.0041758329607546,0.0329279638826847,positive,2025-10-02T18:42:39+00:00,2025-10-02
"rt : ğŸ¦¢ i've been following stock picks lately - i've made $45,216 so far. he usually shares these trades on hiâ€¦","RT @Sachink60567309: ğŸ‘¼ğŸ¦¢ğŸ’–
I've been following @PiotrOzga stock picks lately - I've made $45,216 so far. He usually shares these trades on hiâ€¦",twitter,0.9999992760143072,0.9999994039535522,5.017730018153088e-07,1.2793924497600528e-07,positive,2025-10-02T18:42:35+00:00,2025-10-02
"rt : ğŸ¦¢ i've been following stock picks lately - i've made $45,216 so far. he usually shares these trades on hiâ€¦","RT @Sachink60567309: ğŸ‘¼ğŸ¦¢ğŸ’–
I've been following @PiotrOzga stock picks lately - I've made $45,216 so far. He usually shares these trades on hiâ€¦",twitter,0.9999992760143072,0.9999994039535522,5.017730018153088e-07,1.2793924497600528e-07,positive,2025-10-02T18:42:35+00:00,2025-10-02
"rt : ğŸ¦¢ i've been following stock picks lately - i've made $45,216 so far. he usually shares these trades on hiâ€¦","RT @Sachink60567309: ğŸ‘¼ğŸ¦¢ğŸ’–
I've been following @PiotrOzga stock picks lately - I've made $45,216 so far. He usually shares these trades on hiâ€¦",twitter,0.9999992760143072,0.9999994039535522,5.017730018153088e-07,1.2793924497600528e-07,positive,2025-10-02T18:42:35+00:00,2025-10-02
"rt : ğŸ¦¢ i've been following stock picks lately - i've made $45,216 so far. he usually shares these trades on hiâ€¦","RT @Sachink60567309: ğŸ‘¼ğŸ¦¢ğŸ’–
I've been following @PiotrOzga stock picks lately - I've made $45,216 so far. He usually shares these trades on hiâ€¦",twitter,0.9999992760143072,0.9999994039535522,5.017730018153088e-07,1.2793924497600528e-07,positive,2025-10-02T18:42:35+00:00,2025-10-02
"rt : ğŸ¦¢ i've been following stock picks lately - i've made $45,216 so far. he usually shares these trades on hiâ€¦","RT @Sachink60567309: ğŸ‘¼ğŸ¦¢ğŸ’–
I've been following @PiotrOzga stock picks lately - I've made $45,216 so far. He usually shares these trades on hiâ€¦",twitter,0.9999992760143072,0.9999994039535522,5.017730018153088e-07,1.2793924497600528e-07,positive,2025-10-02T18:42:35+00:00,2025-10-02
"rt : ğŸ¦¢ i've been following stock picks lately - i've made $45,216 so far. he usually shares these trades on hiâ€¦","RT @Sachink60567309: ğŸ‘¼ğŸ¦¢ğŸ’–
I've been following @PiotrOzga stock picks lately - I've made $45,216 so far. He usually shares these trades on hiâ€¦",twitter,0.9999992760143072,0.9999994039535522,5.017730018153088e-07,1.2793924497600528e-07,positive,2025-10-02T18:42:34+00:00,2025-10-02
"rt : ğŸ¦¢ i've been following stock picks lately - i've made $45,216 so far. he usually shares these trades on hiâ€¦","RT @Sachink60567309: ğŸ‘¼ğŸ¦¢ğŸ’–
I've been following @PiotrOzga stock picks lately - I've made $45,216 so far. He usually shares these trades on hiâ€¦",twitter,0.9999992760143072,0.9999994039535522,5.017730018153088e-07,1.2793924497600528e-07,positive,2025-10-02T18:42:34+00:00,2025-10-02
"rt : ğŸ¦¢ i've been following stock picks lately - i've made $45,216 so far. he usually shares these trades on hiâ€¦","RT @Sachink60567309: ğŸ‘¼ğŸ¦¢ğŸ’–
I've been following @PiotrOzga stock picks lately - I've made $45,216 so far. He usually shares these trades on hiâ€¦",twitter,0.9999992760143072,0.9999994039535522,5.017730018153088e-07,1.2793924497600528e-07,positive,2025-10-02T18:42:34+00:00,2025-10-02
"rt : ğŸ¦¢ i've been following stock picks lately - i've made $45,216 so far. he usually shares these trades on hiâ€¦","RT @Sachink60567309: ğŸ‘¼ğŸ¦¢ğŸ’–
I've been following @PiotrOzga stock picks lately - I've made $45,216 so far. He usually shares these trades on hiâ€¦",twitter,0.9999992760143072,0.9999994039535522,5.017730018153088e-07,1.2793924497600528e-07,positive,2025-10-02T18:42:34+00:00,2025-10-02
"rt : breaking: netflix stock, $nflx, extends its 5-day decline to -5% as urges users to ""cancel netflix."" the stoâ€¦","RT @KobeissiLetter: BREAKING: Netflix stock, $NFLX, extends its 5-day decline to -5% as @elonmusk urges users to ""cancel Netflix.""

The stoâ€¦",twitter,0.0021047913469374,0.0037378179840743,0.994629204273224,0.0016330266371369,neutral,2025-10-02T18:42:34+00:00,2025-10-02
"rt : government shutdown, illegal aliens being deported, stock market up, liberals unhinged... life is good!","RT @GuntherEagleman: Government shutdown,  illegal aliens being deported, stock market up,  liberals unhinged...  LIFE IS GOOD!",twitter,-0.9999996539162056,1.0766521540972462e-07,9.744717033299821e-08,0.9999997615814208,negative,2025-10-02T18:42:33+00:00,2025-10-02
"rt : credit growth fuels stock market boom, but leaves investment &amp; consumption in the dust rbi has announced 22 measures toâ€¦","RT @TheClubJunto: Credit Growth Fuels Stock Market Boom, But Leaves Investment &amp; Consumption in the Dust

RBI has announced 22 measures toâ€¦",twitter,-0.0044589042663574,0.4973887205123901,0.0007635983638465,0.5018476247787476,neutral,2025-10-02T18:42:29+00:00,2025-10-02
he's a very entertaining stock analyst with incredibly accurate market predictions.,"@stoolpresidente @sportsontvguy @wakeupbarstool @MACDMaster_88
ğŸ‘†ğŸ»ğŸ‘†ğŸ»
He's a very entertaining stock analyst with incredibly accurate market predictions. ğŸ’° ğŸ‘ ğŸŒŸ ğŸ’ ğŸš©",twitter,-0.9999892139212534,5.421660716820043e-06,5.2811536477292975e-08,0.9999946355819702,negative,2025-10-02T18:42:28+00:00,2025-10-02
"ğŸ¦¢ i've been following stock picks lately - i've made $45,216 so far. he usually shares these trades on his whatsapp group before the market opens. $ufg $fpay $nflx $qcom $wmt ğŸ¦‡$opendoor","ğŸ‘¼ğŸ¦¢ğŸ’–
I've been following @PiotrOzga stock picks lately - I've made $45,216 so far. He usually shares these trades on his WhatsApp group before the market opens.
$UFG $FPAY #premarket
#StockğŸ”‹ $NFLX 
#TradeğŸ”ƒ $QCOM 
#401kâœ¨ $WMT  
#CircuitBreakerğŸ¦‡$Opendoor https://t.co/Aaf4qtWxLO",twitter,0.99999911664176,0.9999995231628418,1.6389762436119781e-07,4.065210816861509e-07,positive,2025-10-02T18:42:28+00:00,2025-10-02
"it means the fed is shifting from basing decisions primarily on economic data (data-dependent) to relying more on market signals like stock prices or yields (market-dependent), due to the government shutdown halting data releases. goolsbee noted they're ""flying blind"" without it,","@Scanner1350297 @yieldsearcher It means the Fed is shifting from basing decisions primarily on economic data (data-dependent) to relying more on market signals like stock prices or yields (market-dependent), due to the government shutdown halting data releases. Goolsbee noted they're ""flying blind"" without it,",twitter,0.6129381356695376,0.6129878163337708,0.3869625329971313,4.968066423316486e-05,positive,2025-10-02T18:42:26+00:00,2025-10-02
"$fnma valuation is completely undervalued fannie mae posted q2 revenue of ~$7.4b vs ~$6.3b last year. market cap near $1.1b with ps ~0.15x, deeply undervalued vs financial peers. group has locked this stock, entry price inside","$FNMA Valuation Is Completely Undervalued
Fannie Mae  posted Q2 revenue of ~$7.4B vs ~$6.3B last year. Market cap near $1.1B with PS ~0.15x, deeply undervalued vs financial peers. Group has locked this stock, entry price insideğŸ”—https://t.co/9PxeekTcUP https://t.co/0tzJFNeHyN",twitter,-0.9999987498925408,6.540610115735035e-07,2.9947077706538046e-08,0.9999994039535522,negative,2025-10-02T18:42:22+00:00,2025-10-02
"rt : how to make 200% return per day we, as traders, obsess over stock market returns. hedge funds would kill to compound atâ€¦","RT @TheOneLanceB: HOW TO MAKE 200% RETURN PER DAY

We, as traders, obsess over stock market returns. Hedge funds would kill to compound atâ€¦",twitter,0.7524094378459267,0.7526609301567078,0.2470875978469848,0.000251492310781,positive,2025-10-02T18:42:20+00:00,2025-10-02
rt : what on mars is a stock market,RT @Epic_Edster: What on mars is a stock market https://t.co/pmz0h2QQSM,twitter,0.9999362273238716,0.9999369382858276,6.238484638743103e-05,7.109619559741986e-07,positive,2025-10-02T18:42:17+00:00,2025-10-02
"us stock market movers and crypto update for october 02, 2025: ups: $onds $9.10 +24.42% - ondas (wireless comm) $rgti $34.81 +16.60% - rigetti (quantum comp) $asts $65.74 +15.45% - ast space (sat comm) $qbts $28.96 +13.01% - d-wave (quantum comp) $oklo $129.07","US Stock Market Movers and Crypto update for October 02, 2025:

UPS:
$ONDS   $9.10   +24.42% - Ondas (Wireless Comm)
$RGTI   $34.81  +16.60% - Rigetti (Quantum Comp)
$ASTS   $65.74  +15.45% - AST Space (Sat Comm)
$QBTS   $28.96  +13.01% - D-Wave (Quantum Comp)
$OKLO   $129.07 https://t.co/yR769TQwu4",twitter,-0.6649858504533768,0.167506143450737,1.880936565612501e-06,0.8324919939041138,negative,2025-10-02T18:42:14+00:00,2025-10-02
"rt : the stock market is loving this schumer shutdown, making money and getting a smaller government. keep it shutdown.","RT @GuntherEagleman: The stock market is LOVING this SCHUMER shutdown,  making money and getting a smaller government.

Keep it shutdown.",twitter,0.605546971783042,0.6213539838790894,0.362839013338089,0.0158070120960474,positive,2025-10-02T18:42:14+00:00,2025-10-02
rt : get ready for another huge week ahead in the stock market here's a full catalyst watch to help you get prepared a threaâ€¦,"RT @StockMKTNewz: GET READY FOR ANOTHER HUGE WEEK AHEAD IN THE STOCK MARKET

Here's a full catalyst watch to help you get prepared

A threaâ€¦",twitter,-0.9988182371598668,0.0005906039732508,5.4483592748511e-07,0.9994088411331176,negative,2025-10-02T18:42:11+00:00,2025-10-02
"rt : breaking: netflix stock, $nflx, extends its 5-day decline to -5% as urges users to ""cancel netflix."" the stoâ€¦","RT @KobeissiLetter: BREAKING: Netflix stock, $NFLX, extends its 5-day decline to -5% as @elonmusk urges users to ""cancel Netflix.""

The stoâ€¦",twitter,0.0021047913469374,0.0037378179840743,0.994629204273224,0.0016330266371369,neutral,2025-10-02T18:42:10+00:00,2025-10-02
he's a very entertaining stock analyst with incredibly accurate market predictions.,"@_d3f4ult @MACDMaster_88
ğŸ‘†ğŸ»ğŸ‘†ğŸ»
He's a very entertaining stock analyst with incredibly accurate market predictions. ğŸ’¦ ğŸŒ‚ ğŸˆ",twitter,-0.9999892139212534,5.421660716820043e-06,5.2811536477292975e-08,0.9999946355819702,negative,2025-10-02T18:42:07+00:00,2025-10-02
rt : â€œsustainable institutional bitcoin adoption requires infrastructure that doesn't depend on market sentiment and stock prâ€¦,RT @ZeusNetworkHQ: â€œSustainable institutional Bitcoin adoption requires infrastructure that doesn't depend on market sentiment and stock prâ€¦,twitter,0.994629934662953,0.9956576824188232,0.0033145900815725,0.0010277477558702,positive,2025-10-02T18:42:05+00:00,2025-10-02
amazing trump's market beautiful. calming down .... it's gonna green again . account isn't bad today at all s&amp;p 500 seesaws after hitting fresh record as u.s. government shutdown continues: live updates,"Amazing ğŸ˜ ğŸ˜  Trump's market beautiful.
Calming down .... It's gonna green again ğŸ˜ğŸ˜ğŸ˜ğŸ˜. Account isn't bad today at all ğŸ˜ğŸ˜ğŸ˜ğŸ˜ğŸ˜ğŸ˜ğŸ˜ğŸ˜

S&amp;P 500 seesaws after hitting fresh record as U.S. government shutdown continues: Live updates https://t.co/5tK3N4oTQn",twitter,-0.9889465365558864,0.0039330329746007,0.0031874829437583,0.9928795695304872,negative,2025-10-02T18:42:04+00:00,2025-10-02
someone doesnâ€™t understand the stock market. care to wager if nflx stock will trade higher than it was before the right wing cancel culture?,"@IanJaeger29 Someone doesnâ€™t understand the stock market.

Care to wager if NFLX stock will trade higher than it was before the right wing cancel culture?",twitter,0.9632983291521668,0.9765690565109252,0.010160251520574,0.0132707273587584,positive,2025-10-02T18:42:01+00:00,2025-10-02
he's a very entertaining stock analyst with incredibly accurate market predictions.,"@NastiaVox @MACDMaster_88
ğŸ‘†ğŸ»ğŸ‘†ğŸ»
He's a very entertaining stock analyst with incredibly accurate market predictions. ğŸ’° ğŸ‚ ğŸŒˆ ğŸŒº ğŸŒº",twitter,-0.9999892139212534,5.421660716820043e-06,5.2811536477292975e-08,0.9999946355819702,negative,2025-10-02T18:42:00+00:00,2025-10-02
he's a very entertaining stock analyst with incredibly accurate market predictions.,"@EricCryptoman @yzilabs @MACDMaster_88
ğŸ‘†ğŸ»ğŸ‘†ğŸ»
He's a very entertaining stock analyst with incredibly accurate market predictions. ğŸŒ‚ ğŸŒ ğŸ”¥ ğŸŒ¸ ğŸŠ",twitter,-0.9999892139212534,5.421660716820043e-06,5.2811536477292975e-08,0.9999946355819702,negative,2025-10-02T18:41:59+00:00,2025-10-02
"rt : government shutdown, illegal aliens being deported, stock market up, liberals unhinged... life is good!","RT @GuntherEagleman: Government shutdown,  illegal aliens being deported, stock market up,  liberals unhinged...  LIFE IS GOOD!",twitter,-0.9999996539162056,1.0766521540972462e-07,9.744717033299821e-08,0.9999997615814208,negative,2025-10-02T18:41:56+00:00,2025-10-02
"rt : the stock market is loving this schumer shutdown, making money and getting a smaller government. keep it shutdown.","RT @GuntherEagleman: The stock market is LOVING this SCHUMER shutdown,  making money and getting a smaller government.

Keep it shutdown.",twitter,0.605546971783042,0.6213539838790894,0.362839013338089,0.0158070120960474,positive,2025-10-02T18:41:53+00:00,2025-10-02
he's a very entertaining stock analyst with incredibly accurate market predictions.,"@__Inty__ @MACDMaster_88
ğŸ‘†ğŸ»ğŸ‘†ğŸ»
He's a very entertaining stock analyst with incredibly accurate market predictions. ğŸš€ ğŸ”¥ ğŸŒŸ",twitter,-0.9999892139212534,5.421660716820043e-06,5.2811536477292975e-08,0.9999946355819702,negative,2025-10-02T18:41:51+00:00,2025-10-02
"rt : government shutdown, illegal aliens being deported, stock market up, liberals unhinged... life is good!","RT @GuntherEagleman: Government shutdown,  illegal aliens being deported, stock market up,  liberals unhinged...  LIFE IS GOOD!",twitter,-0.9999996539162056,1.0766521540972462e-07,9.744717033299821e-08,0.9999997615814208,negative,2025-10-02T18:41:50+00:00,2025-10-02
rt : breaking: netflix stock is down for the 4th day in a row amid mass cancellations. the company has lost more than $15 billionâ€¦,RT @cb_doge: ğŸš¨BREAKING: Netflix stock is down for the 4th day in a row amid mass cancellations. The company has lost more than $15 BILLIONâ€¦,twitter,-3.7240320921227976e-05,1.6883478792806272e-06,0.9999593496322632,3.89286688005086e-05,neutral,2025-10-02T18:41:49+00:00,2025-10-02
"rt : the stock market is loving this schumer shutdown, making money and getting a smaller government. keep it shutdown.","RT @GuntherEagleman: The stock market is LOVING this SCHUMER shutdown,  making money and getting a smaller government.

Keep it shutdown.",twitter,0.605546971783042,0.6213539838790894,0.362839013338089,0.0158070120960474,positive,2025-10-02T18:41:46+00:00,2025-10-02
he's a very entertaining stock analyst with incredibly accurate market predictions.,"@BillSPACman @MACDMaster_88
ğŸ‘†ğŸ»ğŸ‘†ğŸ»
He's a very entertaining stock analyst with incredibly accurate market predictions. ğŸ”¥ ğŸŒ» ğŸŒ",twitter,-0.9999892139212534,5.421660716820043e-06,5.2811536477292975e-08,0.9999946355819702,negative,2025-10-02T18:41:45+00:00,2025-10-02
he's a very entertaining stock analyst with incredibly accurate market predictions.,"@Cointelegraph @MACDMaster_88
ğŸ‘†ğŸ»ğŸ‘†ğŸ»
He's a very entertaining stock analyst with incredibly accurate market predictions. ğŸ‰ ğŸŒ» ğŸ’¦",twitter,-0.9999892139212534,5.421660716820043e-06,5.2811536477292975e-08,0.9999946355819702,negative,2025-10-02T18:41:41+00:00,2025-10-02
"the stock market favors patience; short-term traders may win sometimes, but consistent investors win always.i have followed you, please follow back so we can chat further and share experiences.","@VestExchange The stock market favors patience; short-term traders may win sometimes, but consistent investors win always.I have followed you, please follow back so we can chat further and share experiences.",twitter,-0.3024535477161407,0.3479834496974945,0.0015795280924066,0.6504369974136353,negative,2025-10-02T18:41:20+00:00,2025-10-02
youâ€™re a liar about that. and youâ€™re extremely lucky with the stock market.,@SpeakerPelosi @RepHuffman @RepKevinMullin Youâ€™re a liar about that.  And youâ€™re extremely lucky with the stock market. https://t.co/TZGZLb5OIs,twitter,-0.9997554993678932,0.000120761389553,2.949246436401154e-06,0.9998762607574464,negative,2025-10-02T18:41:10+00:00,2025-10-02
rt : breaking: netflix stock is down for the 4th day in a row amid mass cancellations. the company has lost more than $15 billionâ€¦,RT @cb_doge: ğŸš¨BREAKING: Netflix stock is down for the 4th day in a row amid mass cancellations. The company has lost more than $15 BILLIONâ€¦,twitter,-3.7240320921227976e-05,1.6883478792806272e-06,0.9999593496322632,3.89286688005086e-05,neutral,2025-10-02T18:41:09+00:00,2025-10-02
he's a very entertaining stock analyst with incredibly accurate market predictions.,"@Fxhedgers @MACDMaster_88
ğŸ‘†ğŸ»ğŸ‘†ğŸ»
He's a very entertaining stock analyst with incredibly accurate market predictions. ğŸŒ» ğŸŒ» ğŸŒˆ",twitter,-0.9999892139212534,5.421660716820043e-06,5.2811536477292975e-08,0.9999946355819702,negative,2025-10-02T18:41:01+00:00,2025-10-02
